Datetime,Water Level (m)
2025-12-09 06:00:00,-0.02705251
2025-12-09 07:00:00,-0.23014674
2025-12-09 08:00:00,-0.40465927
2025-12-09 09:00:00,-0.51310325
2025-12-09 10:00:00,-0.4062498
2025-12-09 11:00:00,-0.1584154
2025-12-09 12:00:00,0.04866056
2025-12-09 13:00:00,0.21374042
2025-12-09 14:00:00,0.3640917
2025-12-09 15:00:00,0.34858415
2025-12-09 16:00:00,0.22369988
2025-12-09 17:00:00,0.067590706
2025-12-09 18:00:00,-0.101401575
2025-12-09 19:00:00,-0.28008518
2025-12-09 20:00:00,-0.4366245
2025-12-09 21:00:00,-0.5101043
2025-12-09 22:00:00,-0.30268306
2025-12-09 23:00:00,-0.034316406
2025-12-10 00:00:00,0.2087131
2025-12-10 01:00:00,0.43646488
2025-12-10 02:00:00,0.627755
2025-12-10 03:00:00,0.6302756
2025-12-10 04:00:00,0.48342186
2025-12-10 05:00:00,0.30724093
2025-12-10 06:00:00,0.11919489
2025-12-10 07:00:00,-0.08692965
2025-12-10 08:00:00,-0.26793766
2025-12-10 09:00:00,-0.41848102
2025-12-10 10:00:00,-0.51125467
2025-12-10 11:00:00,-0.4153169
2025-12-10 12:00:00,-0.18931939
2025-12-10 13:00:00,0.026838671
2025-12-10 14:00:00,0.20147318
2025-12-10 15:00:00,0.34223998
2025-12-10 16:00:00,0.32640275
2025-12-10 17:00:00,0.2070709
2025-12-10 18:00:00,0.053676944
2025-12-10 19:00:00,-0.10953107
2025-12-10 20:00:00,-0.27586052
2025-12-10 21:00:00,-0.41138524
2025-12-10 22:00:00,-0.436138
2025-12-10 23:00:00,-0.22717723
2025-12-11 00:00:00,-0.019652167
2025-12-11 01:00:00,0.17658113
2025-12-11 02:00:00,0.36583206
2025-12-11 03:00:00,0.5102428
2025-12-11 04:00:00,0.47832638
2025-12-11 05:00:00,0.34286195
2025-12-11 06:00:00,0.18509695
2025-12-11 07:00:00,0.012924151
2025-12-11 08:00:00,-0.16777615
2025-12-11 09:00:00,-0.32947907
2025-12-11 10:00:00,-0.46268922
2025-12-11 11:00:00,-0.526563
2025-12-11 12:00:00,-0.39289984
2025-12-11 13:00:00,-0.18298654
2025-12-11 14:00:00,0.012532157
2025-12-11 15:00:00,0.18155792
2025-12-11 16:00:00,0.32422805
2025-12-11 17:00:00,0.32196584
2025-12-11 18:00:00,0.21515612
2025-12-11 19:00:00,0.07104582
2025-12-11 20:00:00,-0.084007144
2025-12-11 21:00:00,-0.23885629
2025-12-11 22:00:00,-0.35600504
2025-12-11 23:00:00,-0.35635272
2025-12-12 00:00:00,-0.17412911
2025-12-12 01:00:00,-0.018076954
2025-12-12 02:00:00,0.12649773
2025-12-12 03:00:00,0.27201062
2025-12-12 04:00:00,0.3819985
2025-12-12 05:00:00,0.34880576
2025-12-12 06:00:00,0.2350374
2025-12-12 07:00:00,0.09691467
2025-12-12 08:00:00,-0.05964698
2025-12-12 09:00:00,-0.21973808
2025-12-12 10:00:00,-0.36060312
2025-12-12 11:00:00,-0.47684243
2025-12-12 12:00:00,-0.5117237
2025-12-12 13:00:00,-0.35944632
2025-12-12 14:00:00,-0.16832858
2025-12-12 15:00:00,0.008957148
2025-12-12 16:00:00,0.1832522
2025-12-12 17:00:00,0.32960662
2025-12-12 18:00:00,0.33815604
2025-12-12 19:00:00,0.23749354
2025-12-12 20:00:00,0.09813642
2025-12-12 21:00:00,-0.04976431
2025-12-12 22:00:00,-0.19625108
2025-12-12 23:00:00,-0.3077844
2025-12-13 00:00:00,-0.33488876
2025-12-13 01:00:00,-0.19919115
2025-12-13 02:00:00,-0.07186434
2025-12-13 03:00:00,0.03717765
2025-12-13 04:00:00,0.14119759
2025-12-13 05:00:00,0.24598448
2025-12-13 06:00:00,0.22788616
2025-12-13 07:00:00,0.14342132
2025-12-13 08:00:00,0.025624663
2025-12-13 09:00:00,-0.110947445
2025-12-13 10:00:00,-0.25858498
2025-12-13 11:00:00,-0.39071244
2025-12-13 12:00:00,-0.49178684
2025-12-13 13:00:00,-0.493672
2025-12-13 14:00:00,-0.32096598
2025-12-13 15:00:00,-0.14403346
2025-12-13 16:00:00,0.01903381
2025-12-13 17:00:00,0.1973294
2025-12-13 18:00:00,0.3440409
2025-12-13 19:00:00,0.36085463
2025-12-13 20:00:00,0.2708113
2025-12-13 21:00:00,0.13810433
2025-12-13 22:00:00,-0.0048251464
2025-12-13 23:00:00,-0.15445301
2025-12-14 00:00:00,-0.2785183
2025-12-14 01:00:00,-0.34272388
2025-12-14 02:00:00,-0.26567912
2025-12-14 03:00:00,-0.14519612
2025-12-14 04:00:00,-0.047943514
2025-12-14 05:00:00,0.04861477
2025-12-14 06:00:00,0.15604402
2025-12-14 07:00:00,0.1629788
2025-12-14 08:00:00,0.0952669
2025-12-14 09:00:00,-0.010836597
2025-12-14 10:00:00,-0.13931845
2025-12-14 11:00:00,-0.2839116
2025-12-14 12:00:00,-0.41296336
2025-12-14 13:00:00,-0.50442517
2025-12-14 14:00:00,-0.47547513
2025-12-14 15:00:00,-0.2873216
2025-12-14 16:00:00,-0.11236163
2025-12-14 17:00:00,0.05184411
2025-12-14 18:00:00,0.2335844
2025-12-14 19:00:00,0.37997258
2025-12-14 20:00:00,0.40402046
2025-12-14 21:00:00,0.31312296
2025-12-14 22:00:00,0.17898485
2025-12-14 23:00:00,0.031683475
2025-12-15 00:00:00,-0.12738566
2025-12-15 01:00:00,-0.26802406
2025-12-15 02:00:00,-0.36094493
2025-12-15 03:00:00,-0.33321235
2025-12-15 04:00:00,-0.19677898
2025-12-15 05:00:00,-0.08958558
2025-12-15 06:00:00,0.010505922
